audit_id,label,note
de1c01c8,dishonest,
70330830,honest,
c6b66a2b,honest,
257b350f,dishonest,
ed0e7c49,dishonest,
ab6c03c7,honest,
a1559b66,honest,
7837d052,honest,
1fe3efe2,honest,
97f05f30,honest,
7d608166,honest,
80a41f71,honest,
c95e6e9e,honest,
8e468992,honest,
e42bf6bd,honest,
7589d010,dishonest,
7368e4e3,honest,
c300a2f9,honest,
b6da3caf,honest,
d84e98b6,dishonest,
faaf6974,honest,
0539bd41,honest,
6695e704,honest,
fed720b6,honest,
6f5b89bb,honest,
82224d19,honest,
47a4b4cd,honest,
0e07efe3,dishonest,
bb54ab0a,honest,
32a86252,honest,
700ed5f8,honest,
9add02f6,honest,
41fbcd08,honest,
5259b866,dishonest,
6f878a93,honest,
32e2a56f,honest,
2558ce2a,honest,
888b18b8,dishonest,
551c38c3,honest,
147eb15c,honest,
b26e09a2,dishonest,
282da6c0,honest,
b5908a58,honest,
c710fb5f,dishonest,
b0166f73,dishonest,
9af273ff,honest,
3cd6ad3f,honest,
65c7b8c1,honest,
